tier_assigned,weighted_tractor_count,annual_diesel_litres
Tier 3,13314.002294,96500016.62693405
Tier 4f,3498.0027880000002,38400030.605831906
Tier 4i,5258.998441,26199992.2331622
Tier 2,5328.994882,16799983.86519047
Stage V,715.999731,14099994.702653632
Unregulated,2175.000373,8500001.45770115
Tier 1,963.9991269999999,3299997.0115145226
