tier_assigned,weighted_tractor_count
Tier 3,13314.002294
Tier 2,5328.994882
Tier 4i,5258.998441
Tier 4f,3498.0027880000002
Unregulated,2175.000373
Tier 1,963.9991269999999
Stage V,715.999731
