scenario_name,national_weighted_fleet,national_diesel_ml,national_scr_tractor_count,national_scr_diesel_ml,def_low_ml,def_central_ml,def_high_ml,tier4f_count,stagev_count,modern_tiers_count,modern_tiers_share_pct,scr_share_pct
baseline_current_structure,31254.997636000004,203.80001650298792,4214.002519000001,52.50002530848555,1.5750007592545663,2.1000010123394217,2.6250012654242774,3498.0027880000002,715.999731,9473.000960000001,30.308755963842554,13.482651856438618
moderate_modernization,31254.997636000004,217.88222385179026,5931.5023219,75.9270085203897,2.277810255611691,3.037080340815588,3.7963504260194854,4690.8021727,1240.7001492,12135.8014188,38.82835494065689,18.97777242212299
accelerated_modernization,31254.997636000004,231.29049461834708,7649.002124799999,99.3539917322939,2.980619751968817,3.9741596692917565,4.967699586614696,5883.6015574,1765.4005674,14132.9017629,45.21805417326764,24.472892987807356
scr_push,31254.997636000004,234.42064827611284,7509.2018542,100.86782806873777,3.026034842062133,4.034713122749511,5.043391403436889,5394.001008,2115.2008462,11470.1013041,36.6984551964533,24.025603654344167
delayed_replacement,31254.997636000004,210.1638014072862,4739.9023631,59.79745783032667,1.7939237349098,2.391898313213067,2.9898728915163337,3849.0024927,890.8998704,10138.7010747,32.43865570804614,15.165262267179008
